Workbook

Sheet Sheet1
A1: Name | B1: Age | C1: Gender | D1: Mobile Number | E1: Order ID | F1: TEST | G1: STATUS | H1: Date | I1: Customer id | J1: Customer id | K1: Reports links
A2: Sarita Madhukar Mohit | B2: 48 | C2: Female | D2: 9960762191 | E2: VL6C0036 | F2: HBA1C / Total Cholesterol | G2: REPORTED | H2: 46216 | I2: =VLOOKUP(E2,Sheet2!A:C,3,0) -> AF28314700086087049 | J2: AF28314700086087049 | K2: https://www.thyrocare.com/DownloadReports/?token=12bdab28-c02a-4f6c-a02b-725053ce1e9e
A3: Prafulla Talekar | B3: 39 | C3: Male | D3: 7709112809 | E3: VL1AF35E | F3: HBA1C / Total Cholesterol | G3: REPORTED | H3: 46216 | I3: =VLOOKUP(E3,Sheet2!A:C,3,0) -> PE00213700086079892 | J3: PE00213700086079892 | K3: https://www.thyrocare.com/DownloadReports/?token=93cd5513-f01f-4183-bb30-e40ded094749
A4: Sagar Kothari | B4: 45 | C4: Male | D4: 9820744923 | E4: VL728397 | F4: HBA1C / Total Cholesterol | G4: REPORTED | H4: 46216 | I4: =VLOOKUP(E4,Sheet2!A:C,3,0) -> PE00213700086078475 | J4: PE00213700086078475 | K4: https://www.thyrocare.com/DownloadReports/?token=0f469a37-8584-4ec7-bba3-99cffe6810b1
A5: Chetan chandrakant shintre | B5: 50 | C5: Male | D5: 9223288180 | E5: VL99447E | F5: HBA1C / Total Cholesterol | G5: REPORTED | H5: 46216 | I5: =VLOOKUP(E5,Sheet2!A:C,3,0) -> PE00213700086078627 | J5: PE00213700086078627 | K5: https://www.thyrocare.com/DownloadReports/?token=cc7f39bc-9260-4c04-9bfa-b4e606e77844
A6: Haresh Gurshani | B6: 63 | C6: Male | D6: 9820626779 | E6: VLEBFCE1 | F6: HBA1C / Total Cholesterol | G6: REPORTED | H6: 46216 | I6: =VLOOKUP(E6,Sheet2!A:C,3,0) -> PE00213700086078872 | J6: PE00213700086078872 | K6: https://www.thyrocare.com/DownloadReports/?token=041d2a6d-ab4a-4ecc-88f0-8ec0c042c1b8
A7: Devendra Shirodkar | B7: 53 | C7: Male | D7: 9967645698 | E7: VL7A98D8 | F7: HBA1C / Total Cholesterol | G7: REPORTED | H7: 46216 | I7: =VLOOKUP(E7,Sheet2!A:C,3,0) -> PE00213700086079018 | J7: PE00213700086079018 | K7: https://www.thyrocare.com/DownloadReports/?token=6f5f7d8a-d550-4848-b859-960467d671e5
A8: Dnyaneshwar Patil | B8: 42 | C8: Male | D8: 9423904021 | E8: VL4F389B | F8: HBA1C / Total Cholesterol | G8: REPORTED | H8: 46216 | I8: =VLOOKUP(E8,Sheet2!A:C,3,0) -> PE00213700086079091 | J8: PE00213700086079091 | K8: https://www.thyrocare.com/DownloadReports/?token=66f80468-ba82-41ba-ab02-5442ccbdae96
A9: Sandeep Jagdale | B9: 46 | C9: Male | D9: 9967089085 | E9: VL4EC949 | F9: HBA1C / Total Cholesterol | G9: REPORTED | H9: 46216 | I9: =VLOOKUP(E9,Sheet2!A:C,3,0) -> PE00213700086079641 | J9: PE00213700086079641 | K9: https://www.thyrocare.com/DownloadReports/?token=31611dc4-5651-46eb-94ca-a46d00591145
A10: Uday Madhukar Likam | B10: 37 | C10: Male | D10: 9167795301 | E10: VL57DD7C | F10: HBA1C / Total Cholesterol | G10: REPORTED | H10: 46216 | I10: =VLOOKUP(E10,Sheet2!A:C,3,0) -> PE00213700086079192 | J10: PE00213700086079192 | K10: https://www.thyrocare.com/DownloadReports/?token=2f31fd60-e607-4183-9214-713e38b39b5c
A11: Prashant banarse | B11: 45 | C11: Male | D11: 7045052985 | E11: VL75E70B | F11: HBA1C / Total Cholesterol | G11: REPORTED | H11: 46216 | I11: =VLOOKUP(E11,Sheet2!A:C,3,0) -> PE00213700086079236 | J11: PE00213700086079236 | K11: https://www.thyrocare.com/DownloadReports/?token=b59c30af-71cb-436a-ae26-7ca78fd7792e
A12: Vinod Kolhe | B12: 47 | C12: Male | D12: 8976661355 | E12: VL2A91E9 | F12: HBA1C / Total Cholesterol | G12: REPORTED | H12: 46216 | I12: =VLOOKUP(E12,Sheet2!A:C,3,0) -> PE00213700086079363 | J12: PE00213700086079363 | K12: https://www.thyrocare.com/DownloadReports/?token=3755a3eb-3162-4b88-8910-98bea053fca8
A13: Reynold S Faroz | B13: 48 | C13: Male | D13: 9511780583 | E13: VL5FA431 | F13: HBA1C / Total Cholesterol | G13: REPORTED | H13: 46216 | I13: =VLOOKUP(E13,Sheet2!A:C,3,0) -> PE00213700086079868 | J13: PE00213700086079868 | K13: https://www.thyrocare.com/DownloadReports/?token=533c659c-fb20-4a41-811a-d8856efef8a3
... A117: Debasree Majumder | B117: 45 | C117: Female | D117: 9820218106 | E117: VL42FB42 | F117: HBA1C / Total Cholesterol | G117: REPORTED | H117: 46216 | I117: =VLOOKUP(E117,Sheet2!A:C,3,0) -> PE00213700086084716 | J117: PE00213700086084716 | K117: https://www.thyrocare.com/DownloadReports/?token=25246827-1b07-41cf-bf62-16d3b88ac091
A118: Savita Chhadi | B118: 24 | C118: Female | D118: 9021565294 | E118: VL8AC946 | F118: HBA1C / Total Cholesterol | G118: SERVICED | H118: 46216 | I118: =VLOOKUP(E118,Sheet2!A:C,3,0) -> #N/A
A119: Abhishek Mhatre | B119: 41 | C119: Male | D119: 8600318169 | E119: VL8DA75A | F119: HBA1C / Total Cholesterol | G119: REPORTED | H119: 46216 | I119: =VLOOKUP(E119,Sheet2!A:C,3,0) -> PE00213700086084057 | J119: PE00213700086084057 | K119: https://www.thyrocare.com/DownloadReports/?token=c7773b92-d123-4766-9733-b7c79b544645
A120: Shrikant | B120: 29 | C120: Male | D120: 9930728971 | E120: VLED10EC | F120: HBA1C / Total Cholesterol | G120: REPORTED | H120: 46216 | I120: =VLOOKUP(E120,Sheet2!A:C,3,0) -> PE00213700086085420 | J120: PE00213700086085420 | K120: https://www.thyrocare.com/DownloadReports/?token=c2e5efe7-2867-4e15-a8ed-d6a8049f999d
A121: Darshan Chikhalikar | B121: 48 | C121: Male | D121: 9833027207 | E121: VLC2BB95 | F121: HBA1C / Total Cholesterol | G121: REPORTED | H121: 46216 | I121: =VLOOKUP(E121,Sheet2!A:C,3,0) -> PE00213700086083945 | J121: PE00213700086083945 | K121: https://www.thyrocare.com/DownloadReports/?token=01d3bc92-5a1d-4f2b-be2f-4f474c4b3d8e
A122: Ajay Kurapati | B122: 27 | C122: Male | D122: 9767253499 | E122: VL967489 | F122: HBA1C / Total Cholesterol | G122: REPORTED | H122: 46216 | I122: =VLOOKUP(E122,Sheet2!A:C,3,0) -> PE00213700086085386 | J122: PE00213700086085386 | K122: https://www.thyrocare.com/DownloadReports/?token=d2ca3f2d-8b86-4d86-b573-e5b44827fa55
A123: Vitthal zaware | B123: 32 | C123: Male | D123: 9004917062 | E123: VL9EA302 | F123: HBA1C / Total Cholesterol | G123: REPORTED | H123: 46216 | I123: =VLOOKUP(E123,Sheet2!A:C,3,0) -> PE00213700086084190 | J123: PE00213700086084190 | K123: https://www.thyrocare.com/DownloadReports/?token=d70dede6-c115-47bd-beba-a36811b66959
A124: Shailesh Mayekar | B124: 35 | C124: Male | D124: 8692969739 | E124: VL21553A | F124: HBA1C / Total Cholesterol | G124: REPORTED | H124: 46216 | I124: =VLOOKUP(E124,Sheet2!A:C,3,0) -> PE00213700086084252 | J124: PE00213700086084252 | K124: https://www.thyrocare.com/DownloadReports/?token=88064c89-1a51-4fb4-a1fa-3f1b6b904afb
A125: Prasanna Patil | B125: 22 | C125: Male | D125: 9373417739 | E125: VL3C1BA6 | F125: HBA1C / Total Cholesterol | G125: REPORTED | H125: 46216 | I125: =VLOOKUP(E125,Sheet2!A:C,3,0) -> PE00213700086085368 | J125: PE00213700086085368 | K125: https://www.thyrocare.com/DownloadReports/?token=bfd90e00-2f84-4e9d-960c-4c1736a0f68b
A126: Avida Salian 50 | B126: 50 | C126: Female | D126: 9004845601 | E126: VL0C0769 | F126: HBA1C / Total Cholesterol | G126: REPORTED | H126: 46216 | I126: =VLOOKUP(E126,Sheet2!A:C,3,0) -> PE00213700086085350 | J126: PE00213700086085350 | K126: https://www.thyrocare.com/DownloadReports/?token=a8acfbec-85f1-44f7-a61d-2a92c549b57c
A127: Rushikesh Mhasu Wakchaure | B127: 27 | C127: Male | D127: 9975656847 | E127: VL5468F2 | F127: HBA1C / Total Cholesterol | G127: REPORTED | H127: 46216 | I127: =VLOOKUP(E127,Sheet2!A:C,3,0) -> PE00213700086084293 | J127: PE00213700086084293 | K127: https://www.thyrocare.com/DownloadReports/?token=27836f50-664e-4cc6-a2e8-6d4354356aa9
A128: Shreerang tukaram jadhav | B128: 39 | C128: Male | D128: 9819723043 | E128: VLD8C857 | F128: HBA1C / Total Cholesterol | G128: REPORTED | H128: 46216 | I128: =VLOOKUP(E128,Sheet2!A:C,3,0) -> PE00213700086085295 | J128: PE00213700086085295 | K128: https://www.thyrocare.com/DownloadReports/?token=b2c03cf3-bcd2-4c18-adc2-0f69f30d931a
A129: Raghuraj Vayeda | B129: 35 | C129: Male | D129: 9727799505 | E129: VLF638F1 | F129: HBA1C / Total Cholesterol | G129: REPORTED | H129: 46216 | I129: =VLOOKUP(E129,Sheet2!A:C,3,0) -> PE00213700086085270 | J129: PE00213700086085270 | K129: https://www.thyrocare.com/DownloadReports/?token=f738ad72-4428-4b8e-a458-852c759e6afb
A130: Vishal Suresh Waghmare | B130: 27 | C130: Male | D130: 8286550446 | E130: VLFA0899 | F130: HBA1C / Total Cholesterol | G130: REPORTED | H130: 46216 | I130: =VLOOKUP(E130,Sheet2!A:C,3,0) -> PE00213700086085242 | J130: PE00213700086085242 | K130: https://www.thyrocare.com/DownloadReports/?token=3732cf7b-02a0-4c57-abe2-28bee84565fb
... A182: Priti Parjane | B182: 26 | C182: Female | D182: 7820988893 | E182: VLA4A757 | F182: Thyroid Profile Test (T3, T4, UTSH) / TFT | G182: REPORTED | H182: 46216 | I182: =VLOOKUP(E182,Sheet2!A:C,3,0) -> AF28313700086083688 | J182: AF28313700086083688 | K182: https://www.thyrocare.com/DownloadReports/?token=d06d9e85-e0d0-4b2c-a487-2ae97656e4fc
A183: Shreya | B183: 33 | C183: Female | D183: 98924 53899 | E183: VLA45E42 | F183: HBA1C / Total Cholesterol | G183: REPORTED | H183: 46217 | I183: =VLOOKUP(E183,Sheet2!A:C,3,0) -> PE00214700086094415 | J183: PE00214700086094415 | K183: https://www.thyrocare.com/DownloadReports/?token=86dfe5c4-cc57-4421-bac1-ac72a867d6af
A184: Paresh Dharmaji Kubal | B184: 46 | C184: Male | D184: 9769466806 | E184: VL1899B1 | F184: HBA1C / Total Cholesterol | G184: REPORTED | H184: 46217 | I184: =VLOOKUP(E184,Sheet2!A:C,3,0) -> PE00214700086094479 | J184: PE00214700086094479 | K184: https://www.thyrocare.com/DownloadReports/?token=577ba7b2-2e7c-42ed-b5a5-5744dd807f92
A185: Pratish | B185: 45 | C185: Male | D185: 8425896488 | E185: VL91C637 | F185: HBA1C / Total Cholesterol | G185: REPORTED | H185: 46217 | I185: =VLOOKUP(E185,Sheet2!A:C,3,0) -> PE00214700086094467 | J185: PE00214700086094467 | K185: https://www.thyrocare.com/DownloadReports/?token=5262e95f-7705-4c11-9087-75469cb9de78
A186: Pradnesh H Raut | B186: 45 | C186: Male | D186: 9923775966 | E186: VLC9F409 | F186: HBA1C / Total Cholesterol | G186: REPORTED | H186: 46217 | I186: =VLOOKUP(E186,Sheet2!A:C,3,0) -> PE00214700086094560 | J186: PE00214700086094560 | K186: https://www.thyrocare.com/DownloadReports/?token=f67f69db-56cc-4ee6-a76a-f8c396b13e5b
A187: Amitkumar Khedekar | B187: 43 | C187: Male | D187: 9920339915 | E187: VL920443 | F187: HBA1C / Total Cholesterol | G187: REPORTED | H187: 46217 | I187: =VLOOKUP(E187,Sheet2!A:C,3,0) -> PE00214700086094612 | J187: PE00214700086094612 | K187: https://www.thyrocare.com/DownloadReports/?token=aa9ed158-6ddd-4372-b2ac-3e65dd5829bf
A188: Milind shinde | B188: 42 | C188: Male | D188: 7710015522 | E188: VLC33217 | F188: HBA1C / Total Cholesterol | G188: REPORTED | H188: 46217 | I188: =VLOOKUP(E188,Sheet2!A:C,3,0) -> PE00214700086094645 | J188: PE00214700086094645 | K188: https://www.thyrocare.com/DownloadReports/?token=2aad34e3-7e46-40cd-9c6e-7bc63e03e167
A189: Vinayak Dinkar Dhisal | B189: 42 | C189: Male | D189: 9619669261 | E189: VLA05390 | F189: HBA1C / Total Cholesterol | G189: REPORTED | H189: 46217 | I189: =VLOOKUP(E189,Sheet2!A:C,3,0) -> PE00214700086094779 | J189: PE00214700086094779 | K189: https://www.thyrocare.com/DownloadReports/?token=480a0b14-db43-4f10-bc84-55e57110f5cc
A190: Abhijit dighe | B190: 43 | C190: Male | D190: 9920767649 | E190: VL8DF7F6 | F190: HBA1C / Total Cholesterol | G190: REPORTED | H190: 46217 | I190: =VLOOKUP(E190,Sheet2!A:C,3,0) -> PE00214700086094822 | J190: PE00214700086094822 | K190: https://www.thyrocare.com/DownloadReports/?token=54be18fd-9b0f-44c4-ac6b-06cb965e0f41
A191: Parag | B191: 43 | C191: Male | D191: 9619775993 | E191: VLCCB579 | F191: HBA1C / Total Cholesterol | G191: REPORTED | H191: 46217 | I191: =VLOOKUP(E191,Sheet2!A:C,3,0) -> AF28314700086094524 | J191: AF28314700086094524 | K191: https://www.thyrocare.com/DownloadReports/?token=69faaae9-c237-45db-b3f8-adaf165728e2
A192: Dipti Pitre | B192: 39 | C192: Female | D192: 9819408644 | E192: VLC79C14 | F192: HBA1C / Total Cholesterol | G192: REPORTED | H192: 46217 | I192: =VLOOKUP(E192,Sheet2!A:C,3,0) -> PE00214700086094957 | J192: PE00214700086094957 | K192: https://www.thyrocare.com/DownloadReports/?token=a5556e71-35d3-42d3-b561-66ebc730cd14
A193: Nilesh Borkar | B193: 42 | C193: Male | D193: 9920955877 | E193: VLA8E14C | F193: HBA1C / Total Cholesterol | G193: REPORTED | H193: 46217 | I193: =VLOOKUP(E193,Sheet2!A:C,3,0) -> PE00214700086094702 | J193: PE00214700086094702 | K193: https://www.thyrocare.com/DownloadReports/?token=45f08359-68fb-465c-913c-71a3360975cd
A194: Trushnali Kelshikar | B194: 48 | C194: Female | D194: 9930779992 | E194: VLE5CCB8 | F194: HBA1C / Total Cholesterol | G194: REPORTED | H194: 46217 | I194: =VLOOKUP(E194,Sheet2!A:C,3,0) -> PE00214700086095007 | J194: PE00214700086095007 | K194: https://www.thyrocare.com/DownloadReports/?token=346692cf-ba45-4318-afd1-017ff13f5901
A195: Ashutosh Abhay Angne | B195: 43 | C195: Male | D195: 9967436834 | E195: VL9BA372 | F195: HBA1C / Total Cholesterol | G195: REPORTED | H195: 46217 | I195: =VLOOKUP(E195,Sheet2!A:C,3,0) -> PE00214700086095355 | J195: PE00214700086095355 | K195: https://www.thyrocare.com/DownloadReports/?token=e15e0b69-f039-4f66-9302-6f4199122fc8
... A388: Devesh B Akolkar | B388: 27 | C388: Male | D388: 7718900802 | E388: VL79B111 | F388: Cancer screening | G388: REPORTED | H388: 46217 | I388: =VLOOKUP(E388,Sheet2!A:C,3,0) -> AF28314700086097012 | J388: AF28314700086097012 | K388: https://www.thyrocare.com/DownloadReports/?token=42cc146b-dcf8-4cd5-8907-10a33b81d13b
A389: Siddhesh Lokhande | B389: 27 | C389: Male | D389: 9867768334 | E389: VLDC402D | F389: Cancer screening | G389: REPORTED | H389: 46217 | I389: =VLOOKUP(E389,Sheet2!A:C,3,0) -> #N/A
A390: Shashank Pawar | B390: 41 | C390: Male | D390: 9768565020 | E390: VL40346B | F390: Cancer screening | G390: REPORTED | H390: 46217 | I390: =VLOOKUP(E390,Sheet2!A:C,3,0) -> PE00214700086098573 | J390: PE00214700086098573 | K390: https://www.thyrocare.com/DownloadReports/?token=7ed5733b-d516-422c-8614-a1e4769f9c8c
A391: Sanvi | B391: 41 | C391: Female | D391: 9920084759 | E391: VL0D03E4 | F391: Cancer screening | G391: REPORTED | H391: 46217 | I391: =VLOOKUP(E391,Sheet2!A:C,3,0) -> PE00214700086095807 | J391: PE00214700086095807 | K391: https://www.thyrocare.com/DownloadReports/?token=8682b34b-e177-45e8-b10b-bbb1c6eeee42
A392: Paresh Dharmaji Kubal | B392: 46 | C392: Male | D392: 9769466806 | E392: VL2034C7 | F392: Lipid Profile Test | G392: REPORTED | H392: 46217 | I392: =VLOOKUP(E392,Sheet2!A:C,3,0) -> PE00214700086094515 | J392: PE00214700086094515 | K392: https://www.thyrocare.com/DownloadReports/?token=d7e0f729-6267-4f3d-8152-85064defc4f6
A393: Nilesh Borkar | B393: 42 | C393: Male | D393: 9920955877 | E393: VL345175 | F393: Lipid Profile Test | G393: REPORTED | H393: 46217 | I393: =VLOOKUP(E393,Sheet2!A:C,3,0) -> PE00214700086094689 | J393: PE00214700086094689 | K393: https://www.thyrocare.com/DownloadReports/?token=7357e71c-4ce3-4237-9240-e3fae88a09ff
A394: Ashutosh Abhay Angne | B394: 43 | C394: Male | D394: 9967436834 | E394: VLBAA509 | F394: Lipid Profile Test | G394: REPORTED | H394: 46217 | I394: =VLOOKUP(E394,Sheet2!A:C,3,0) -> AF28314700086095280 | J394: AF28314700086095280 | K394: https://www.thyrocare.com/DownloadReports/?token=6930a957-b1a3-4ea6-8d3f-3009c9f90fe4
A395: Amarkumar Arun Wankhede | B395: 46 | C395: Male | D395: 9975707289 | E395: VLEC6A4A | F395: Lipid Profile Test | G395: REPORTED | H395: 46217 | I395: =VLOOKUP(E395,Sheet2!A:C,3,0) -> AF28314700086095766 | J395: AF28314700086095766 | K395: https://www.thyrocare.com/DownloadReports/?token=92e52b6a-1179-46b7-8ea4-56ff0f89403a
A396: Amey Dilip Jagushte | B396: 47 | C396: Male | D396: 9920155230 | E396: VL702F5D | F396: Lipid Profile Test | G396: REPORTED | H396: 46217 | I396: =VLOOKUP(E396,Sheet2!A:C,3,0) -> PE00214700086095118 | J396: PE00214700086095118 | K396: https://www.thyrocare.com/DownloadReports/?token=db34a25d-0203-4fd9-8d21-d8a242ad744e
A397: Manish Pravin Gharat | B397: 50 | C397: Male | D397: 9702244557 | E397: VLB476D8 | F397: Lipid Profile Test | G397: REPORTED | H397: 46217 | I397: =VLOOKUP(E397,Sheet2!A:C,3,0) -> AF28314700086096387 | J397: AF28314700086096387 | K397: https://www.thyrocare.com/DownloadReports/?token=d4e27cda-e24f-44f1-b395-daa890d3abdb
A398: Jaiprakash Yadav | B398: 41 | C398: Male | D398: 7666713341 | E398: VLC61D85 | F398: Lipid Profile Test | G398: REPORTED | H398: 46217 | I398: =VLOOKUP(E398,Sheet2!A:C,3,0) -> AF28314700086099028 | J398: AF28314700086099028 | K398: https://www.thyrocare.com/DownloadReports/?token=d0139193-342f-41db-8126-c0eac478d970
A399: Rutik Dhua | B399: 26 | C399: Male | D399: 7208978768 | E399: VLC7517A | F399: Lipid Profile Test | G399: REPORTED | H399: 46217 | I399: =VLOOKUP(E399,Sheet2!A:C,3,0) -> AF28314700086096542 | J399: AF28314700086096542 | K399: https://www.thyrocare.com/DownloadReports/?token=7c97a398-4e2e-4d62-8ff1-7f50b7ce6095
A400: Rokdu V kadam | B400: 51 | C400: Male | D400: 9167058745 | E400: VL8D508E | F400: Lipid Profile Test | G400: REPORTED | H400: 46217 | I400: =VLOOKUP(E400,Sheet2!A:C,3,0) -> PE00214700086097234 | J400: PE00214700086097234 | K400: https://www.thyrocare.com/DownloadReports/?token=ec215ce3-58ab-40b6-a761-73d1fcaf0246
A401: BHUVANESH HIRBA GAWADE | B401: 28 | C401: Male | D401: 9930446883 | E401: VLF5BC20 | F401: Lipid Profile Test | G401: REPORTED | H401: 46217 | I401: =VLOOKUP(E401,Sheet2!A:C,3,0) -> AF28314700086096903 | J401: AF28314700086096903 | K401: https://www.thyrocare.com/DownloadReports/?token=fde2d270-028d-4e61-9537-efbff637280a
... A423: Parag Guhe | B423: 43 | C423: Male | D423: 9167202303 | E423: VL17D093 | F423: HBA1C / Total Cholesterol | G423: REPORTED | H423: 46218 | I423: =VLOOKUP(E423,Sheet2!A:C,3,0) -> PE00215700086110778 | J423: PE00215700086110778 | K423: https://www.thyrocare.com/DownloadReports/?token=2ca423d2-fb68-4c06-b743-3c967a7ac87e
A424: Pranali yogesh shekate | B424: 啷┼エ | C424: Female | D424: 7770042712 | E424: VLF5600D | F424: HBA1C / Total Cholesterol | G424: REPORTED | H424: 46218 | I424: =VLOOKUP(E424,Sheet2!A:C,3,0) -> PE00215700086110793 | J424: PE00215700086110793 | K424: https://www.thyrocare.com/DownloadReports/?token=186c55d0-9f10-4561-b356-114e2ada918e
A425: Ninad R Rajiwadekar | B425: 44 | C425: Male | D425: 9820881924 | E425: VL1BD98C | F425: HBA1C / Total Cholesterol | G425: REPORTED | H425: 46218 | I425: =VLOOKUP(E425,Sheet2!A:C,3,0) -> PE00215700086110823 | J425: PE00215700086110823 | K425: https://www.thyrocare.com/DownloadReports/?token=95789b6c-8ef8-446e-91d1-00cd2c7e2e56
A426: Pankaj Gawde | B426: 40 | C426: Male | D426: 9757066872 | E426: VL50B925 | F426: HBA1C / Total Cholesterol | G426: REPORTED | H426: 46218 | I426: =VLOOKUP(E426,Sheet2!A:C,3,0) -> PE00215700086110900 | J426: PE00215700086110900 | K426: https://www.thyrocare.com/DownloadReports/?token=0761dae8-1954-41b8-81ac-45a604104467
A427: Abhijit dongare | B427: 29 | C427: Male | D427: 9503064422 | E427: VLCF0946 | F427: HBA1C / Total Cholesterol | G427: REPORTED | H427: 46218 | I427: =VLOOKUP(E427,Sheet2!A:C,3,0) -> AF28315700086111128 | J427: AF28315700086111128 | K427: https://www.thyrocare.com/DownloadReports/?token=ea73644b-93b1-4617-9da5-045b4f71722e
A428: Susmit Karjekar | B428: 30 | C428: Male | D428: 7709006542 | E428: VL5AA2C1 | F428: HBA1C / Total Cholesterol | G428: REPORTED | H428: 46218 | I428: =VLOOKUP(E428,Sheet2!A:C,3,0) -> PE00215700086111138 | J428: PE00215700086111138 | K428: https://www.thyrocare.com/DownloadReports/?token=8e2f72e3-0d7f-44b6-9106-93a47f7b04e6
A429: Vishal Gavhane | B429: 32 | C429: Male | D429: 9921427425 | E429: VL20688E | F429: HBA1C / Total Cholesterol | G429: REPORTED | H429: 46218 | I429: =VLOOKUP(E429,Sheet2!A:C,3,0) -> PE00215700086111155 | J429: PE00215700086111155 | K429: https://www.thyrocare.com/DownloadReports/?token=35c3936b-20cd-4ded-9d5f-8a2db4da69ce
A430: Sonam Nathuram Kadam | B430: 26 | C430: Female | D430: 8108512059 | E430: VLEAEBF4 | F430: HBA1C / Total Cholesterol | G430: REPORTED | H430: 46218 | I430: =VLOOKUP(E430,Sheet2!A:C,3,0) -> PE00215700086111214 | J430: PE00215700086111214 | K430: https://www.thyrocare.com/DownloadReports/?token=e6e5f111-dc42-4082-b648-cc4e74504325
A431: Prit J Naik | B431: 18 | C431: Male | D431: 9767672110 | E431: VL776D42 | F431: HBA1C / Total Cholesterol | G431: REPORTED | H431: 46218 | I431: =VLOOKUP(E431,Sheet2!A:C,3,0) -> PE00215700086111238 | J431: PE00215700086111238 | K431: https://www.thyrocare.com/DownloadReports/?token=fd7398a0-db02-430a-8f36-3ef7ecfff4cf
A432: Vaibhav Y Chavhan | B432: 26 | C432: Male | D432: 9834157632 | E432: VL03A188 | F432: HBA1C / Total Cholesterol | G432: REPORTED | H432: 46218 | I432: =VLOOKUP(E432,Sheet2!A:C,3,0) -> PE00215700086111272 | J432: PE00215700086111272 | K432: https://www.thyrocare.com/DownloadReports/?token=535abcaf-da70-4ed0-ac6f-ffb878c05a6b
A433: Swapnil B. Takke | B433: 45 | C433: Male | D433: 9920256187 | E433: VL7C48A4 | F433: HBA1C / Total Cholesterol | G433: REPORTED | H433: 46218 | I433: =VLOOKUP(E433,Sheet2!A:C,3,0) -> PE00215700086111288 | J433: PE00215700086111288 | K433: https://www.thyrocare.com/DownloadReports/?token=2c7a7582-b932-449e-b953-cec9b4ac55dd
A434: Jayanta saha | B434: 41 | C434: Male | D434: 8334032234 | E434: VLA78D7C | F434: HBA1C / Total Cholesterol | G434: REPORTED | H434: 46218 | I434: =VLOOKUP(E434,Sheet2!A:C,3,0) -> PE00215700086111267 | J434: PE00215700086111267 | K434: https://www.thyrocare.com/DownloadReports/?token=6f281ede-e161-48b2-8f5e-42472aa4b134
A435: Nikhil Jamdade | B435: 27 | C435: Male | D435: 9604680230 | E435: VL888EC1 | F435: HBA1C / Total Cholesterol | G435: REPORTED | H435: 46218 | I435: =VLOOKUP(E435,Sheet2!A:C,3,0) -> PE00215700086111372 | J435: PE00215700086111372 | K435: https://www.thyrocare.com/DownloadReports/?token=544be952-b999-4c70-bb43-2d7439d4d3f4
A436: raghavndesai@gmail.com | B436: 40 | C436: Male | D436: 8108420062 | E436: VL03ABAB | F436: HBA1C / Total Cholesterol | G436: REPORTED | H436: 46218 | I436: =VLOOKUP(E436,Sheet2!A:C,3,0) -> PE00215700086111442 | J436: PE00215700086111442 | K436: https://www.thyrocare.com/DownloadReports/?token=e3d0295d-234b-4660-8250-730653d1aa89
... A508: Tanvi Tamhane | B508: 24 | C508: Female | D508: 8652046792 | E508: VLF55E02 | F508: HBA1C / Total Cholesterol | G508: REPORTED | H508: 46218 | I508: =VLOOKUP(E508,Sheet2!A:C,3,0) -> PE00215700086116118 | J508: PE00215700086116118 | K508: https://www.thyrocare.com/DownloadReports/?token=d8f13949-2b41-464e-b6f1-47ff82c7cad9
A509: Amit Das | B509: 44 | C509: Male | D509: 9920246613 | E509: VL0291CC | F509: HBA1C / Total Cholesterol | G509: REPORTED | H509: 46218 | I509: =VLOOKUP(E509,Sheet2!A:C,3,0) -> #N/A
A510: Dattatray Surve | B510: 44 | C510: Male | D510: 9819797756 | E510: VLB2B3F4 | F510: HBA1C / Total Cholesterol | G510: REPORTED | H510: 46218 | I510: =VLOOKUP(E510,Sheet2!A:C,3,0) -> AF28315700086116417 | J510: AF28315700086116417 | K510: https://www.thyrocare.com/DownloadReports/?token=3100a630-cc55-40fb-a453-16b93188dfc7
A511: Sarika abhale | B511: 41 | C511: Female | D511: 9867307387 | E511: VL065473 | F511: HBA1C / Total Cholesterol | G511: REPORTED | H511: 46218 | I511: =VLOOKUP(E511,Sheet2!A:C,3,0) -> PE00215700086116138 | J511: PE00215700086116138 | K511: https://www.thyrocare.com/DownloadReports/?token=6c011ca3-2711-414b-8da7-7a6d1f432a07
A512: Nitesh Shah | B512: 43 | C512: Male | D512: 9869300700 | E512: VL2F2FA5 | F512: HBA1C / Total Cholesterol | G512: REPORTED | H512: 46218 | I512: =VLOOKUP(E512,Sheet2!A:C,3,0) -> PE00215700086116182 | J512: PE00215700086116182 | K512: https://www.thyrocare.com/DownloadReports/?token=6b478e72-ddb2-4297-8c0d-db488ad25d18
A513: Gayatri Dalvi | B513: 44 | C513: Female | D513: 9967340370 | E513: VL9E6B60 | F513: HBA1C / Total Cholesterol | G513: REPORTED | H513: 46218 | I513: =VLOOKUP(E513,Sheet2!A:C,3,0) -> AF28315700086116358 | J513: AF28315700086116358 | K513: https://www.thyrocare.com/DownloadReports/?token=6762d1a1-c2d4-488f-81f6-94d6ccde26c9
A514: Pranil patil | B514: 29 | C514: Male | D514: 9404766766 | E514: VL09D469 | F514: HBA1C / Total Cholesterol | G514: REPORTED | H514: 46218 | I514: =VLOOKUP(E514,Sheet2!A:C,3,0) -> PE00215700086116404 | J514: PE00215700086116404 | K514: https://www.thyrocare.com/DownloadReports/?token=effdd1d4-3bea-43dd-8c63-918749f47814
A515: Siddhant Patil | B515: 30 | C515: Male | D515: 9049904848 | E515: VL0DA2A6 | F515: HBA1C / Total Cholesterol | G515: REPORTED | H515: 46218 | I515: =VLOOKUP(E515,Sheet2!A:C,3,0) -> PE00215700086116421 | J515: PE00215700086116421 | K515: https://www.thyrocare.com/DownloadReports/?token=cb22ab64-cea1-45d4-9dee-ebe40aca4aa7
A516: Chintan B. Joshi | B516: 36 | C516: Male | D516: 8976818988 | E516: VLFB9F63 | F516: HBA1C / Total Cholesterol | G516: REPORTED | H516: 46218 | I516: =VLOOKUP(E516,Sheet2!A:C,3,0) -> PE00215700086116449 | J516: PE00215700086116449 | K516: https://www.thyrocare.com/DownloadReports/?token=c319ae1b-fb9a-44c1-93a0-7f7e11d7c568
A517: Sunil Dharma Chaudhari | B517: 55 | C517: Male | D517: 8422003399 | E517: VL32FF43 | F517: HBA1C / Total Cholesterol | G517: REPORTED | H517: 46218 | I517: =VLOOKUP(E517,Sheet2!A:C,3,0) -> PE00215700086116530 | J517: PE00215700086116530 | K517: https://www.thyrocare.com/DownloadReports/?token=66a5ec5c-4470-4227-acbd-504007f4925f
A518: Abhishek Waingade | B518: 44 | C518: Male | D518: 9930706410 | E518: VL37A257 | F518: HBA1C / Total Cholesterol | G518: REPORTED | H518: 46218 | I518: =VLOOKUP(E518,Sheet2!A:C,3,0) -> PE00215700086116965 | J518: PE00215700086116965 | K518: https://www.thyrocare.com/DownloadReports/?token=153cfd07-6ae9-4b24-a74e-1c3d29c404a0
A519: Manoj S gaikwad | B519: 40 | C519: Male | D519: 8087385186 | E519: VL1B86CF | F519: HBA1C / Total Cholesterol | G519: REPORTED | H519: 46218 | I519: =VLOOKUP(E519,Sheet2!A:C,3,0) -> PE00215700086116564 | J519: PE00215700086116564 | K519: https://www.thyrocare.com/DownloadReports/?token=67577cee-bf0a-4c91-a32f-bb3ff88a3dba
A520: Kalpesh kharote | B520: 32 | C520: Male | D520: 7972587038 | E520: VLD3338E | F520: HBA1C / Total Cholesterol | G520: REPORTED | H520: 46218 | I520: =VLOOKUP(E520,Sheet2!A:C,3,0) -> PE00215700086116639 | J520: PE00215700086116639 | K520: https://www.thyrocare.com/DownloadReports/?token=0c282c90-c86b-4a06-8eb4-26466f97974e
A521: Prashant Sanjay Patil | B521: 28 | C521: Male | D521: 7030374338 | E521: VLF87624 | F521: HBA1C / Total Cholesterol | G521: REPORTED | H521: 46218 | I521: =VLOOKUP(E521,Sheet2!A:C,3,0) -> AF28315700086116773 | J521: AF28315700086116773 | K521: https://www.thyrocare.com/DownloadReports/?token=87066bf2-aea6-41fc-80a2-401a8df9aad3
... A541: Vikas Gunjal | B541: 39 | C541: Male | D541: 8451046407 | E541: VL10C2AB | F541: HBA1C / Total Cholesterol | G541: REPORTED | H541: 46218 | I541: =VLOOKUP(E541,Sheet2!A:C,3,0) -> PE00215700086117464 | J541: PE00215700086117464 | K541: https://www.thyrocare.com/DownloadReports/?token=54dbb845-aedd-4b72-8625-aa8ba6b25291
A542: Prakhar | B542: 31 | C542: Male | D542: 91733 42127 | E542: VL10C2AB | F542: HBA1C / Total Cholesterol | G542: REPORTED | H542: 46218 | I542: =VLOOKUP(E542,Sheet2!A:C,3,0) -> PE00215700086117464 | J542: PE00215700086117464 | K542: https://www.thyrocare.com/DownloadReports/?token=a4dcc93b-8925-4ea9-8d5b-c8e383164894
A543: Anees Mirza | B543: 30 | C543: Male | D543: 9022291543 | E543: VLA78C12 | F543: HBA1C / Total Cholesterol | G543: REPORTED | H543: 46218 | I543: =VLOOKUP(E543,Sheet2!A:C,3,0) -> AF28315700086117849 | J543: AF28315700086117849 | K543: https://www.thyrocare.com/DownloadReports/?token=a515eb70-ba2c-4f34-a237-b1c8bb355c34
A544: Sangram Jagadale | B544: 32 | C544: Male | D544: 7304147806 | E544: VL99DD46 | F544: HBA1C / Total Cholesterol | G544: REPORTED | H544: 46218 | I544: =VLOOKUP(E544,Sheet2!A:C,3,0) -> PE00215700086118428 | J544: PE00215700086118428 | K544: https://www.thyrocare.com/DownloadReports/?token=86759169-f32b-45a4-b42b-96e16d1f088a
A545: Gangadhar kakade | B545: 48 | C545: Male | D545: 9769691619 | E545: VLE1C8BD | F545: HBA1C / Total Cholesterol | G545: REPORTED | H545: 46218 | I545: =VLOOKUP(E545,Sheet2!A:C,3,0) -> PE00215700086117517 | J545: PE00215700086117517 | K545: https://www.thyrocare.com/DownloadReports/?token=5a78cee9-a7cc-4bf9-a03c-d2b96ca97b61
A546: Mahesh s Tawade | B546: 35 | C546: Male | D546: 9833164227 | E546: VL0D391B | F546: HBA1C / Total Cholesterol | G546: REPORTED | H546: 46218 | I546: =VLOOKUP(E546,Sheet2!A:C,3,0) -> PE00215700086117823 | J546: PE00215700086117823 | K546: https://www.thyrocare.com/DownloadReports/?token=7deac2fa-13fb-4a41-8ea5-520f01e78c60
A547: Sachin Ranaware | B547: 41 | C547: Male | D547: 9004088219 | E547: VL03ABAE | F547: HBA1C / Total Cholesterol | G547: REPORTED | H547: 46218 | I547: =VLOOKUP(E547,Sheet2!A:C,3,0) -> PE00215700086118097 | J547: PE00215700086118097 | K547: https://www.thyrocare.com/DownloadReports/?token=0b32710f-fc7c-4e3e-9d71-f798911b49ef
A548: Amol | B548: 44 | C548: Male | D548: 7208000308 | E548: VL09FE6F | F548: HBA1C / Total Cholesterol | G548: REPORTED | H548: 46218 | I548: =VLOOKUP(E548,Sheet2!A:C,3,0) -> AF28315700086117502 | J548: AF28315700086117502 | K548: https://www.thyrocare.com/DownloadReports/?token=7824c276-e5a8-447e-9606-5c95ac170c99
A549: Nibin idicula chacko | B549: 35 | C549: Male | D549: 9167091138 | E549: VL0AD1CB | F549: HBA1C / Total Cholesterol | G549: REPORTED | H549: 46218 | I549: =VLOOKUP(E549,Sheet2!A:C,3,0) -> AF28315700086118128 | J549: AF28315700086118128 | K549: https://www.thyrocare.com/DownloadReports/?token=3388388c-f4be-477d-927c-51a65c5b94a4
A550: Dayanand shirsath | B550: 42 | C550: Male | D550: 9892219695 | E550: VL980DF2 | F550: HBA1C / Total Cholesterol | G550: REPORTED | H550: 46218 | I550: =VLOOKUP(E550,Sheet2!A:C,3,0) -> PE00215700086118141 | J550: PE00215700086118141 | K550: https://www.thyrocare.com/DownloadReports/?token=ab0ca445-84fa-48ea-a390-0a5decdd2e49
A551: Ajit Tukaram Gadadare | B551: 34 | C551: Male | D551: 7020930714 | E551: VLEDD60C | F551: HBA1C / Total Cholesterol | G551: REPORTED | H551: 46218 | I551: =VLOOKUP(E551,Sheet2!A:C,3,0) -> PE00215700086117490 | J551: PE00215700086117490 | K551: https://www.thyrocare.com/DownloadReports/?token=f3f75c36-182a-43f4-8377-ef62e2e6501a
A552: Suhas Nikam | B552: 44 | C552: Male | D552: 9987290288 | E552: VL6C7904 | F552: HBA1C / Total Cholesterol | G552: REPORTED | H552: 46218 | I552: =VLOOKUP(E552,Sheet2!A:C,3,0) -> PE00215700086118188 | J552: PE00215700086118188 | K552: https://www.thyrocare.com/DownloadReports/?token=f6dfefe7-a431-4847-887c-8f1de4bbc390
A553: Milind gargote | B553: 51 | C553: Male | D553: 9029960657 | E553: VLBCB647 | F553: HBA1C / Total Cholesterol | G553: REPORTED | H553: 46218 | I553: =VLOOKUP(E553,Sheet2!A:C,3,0) -> PE00215700086118216 | J553: PE00215700086118216 | K553: https://www.thyrocare.com/DownloadReports/?token=6dd97875-cee0-4e7e-acea-6803b8403fee
A554: Sanket | B554: 33 | C554: Male | D554: 9930727573 | E554: VL132177 | F554: HBA1C / Total Cholesterol | G554: REPORTED | H554: 46218 | I554: =VLOOKUP(E554,Sheet2!A:C,3,0) -> AF28315700086118226 | J554: AF28315700086118226 | K554: https://www.thyrocare.com/DownloadReports/?token=9f959cc2-c28e-4c89-bac2-22cfa2234a4d
... A687: Makarand lokhande | B687: 30 | C687: Male | D687: 8446872094 | E687: VL569BFC | F687: HBA1C / Total Cholesterol | G687: REPORTED | H687: 46219 | I687: =VLOOKUP(E687,Sheet2!A:C,3,0) -> AF28317700086135415 | J687: AF28317700086135415 | K687: https://www.thyrocare.com/DownloadReports/?token=f4db0ac5-b5c2-45d6-8545-189639e536f3
A688: Raman Pande | B688: 28 | C688: Male | D688: 9404615221 | E688: VL34C654 | F688: HBA1C / Total Cholesterol | G688: REPORTED | H688: 46219 | I688: =VLOOKUP(E688,Sheet2!A:C,3,0) -> #N/A
A689: Harsha Pagare | B689: 43 | C689: Male | D689: 9920953936 | E689: VL356E8D | F689: HBA1C / Total Cholesterol | G689: REPORTED | H689: 46219 | I689: =VLOOKUP(E689,Sheet2!A:C,3,0) -> AF28317700086135608 | J689: AF28317700086135608 | K689: https://www.thyrocare.com/DownloadReports/?token=c1aea195-38cf-4437-8868-a694ac654af8
...

Sheet Sheet3
A1: ORDER_id | B1: id
A2: VLDC402D | B2: SP50529043 | C2: #N/A
A3: VL73AFE8 | B3: SP50650077 | C3: #N/A
A4: VL0291CC | B4: SP50715581 | C4: #N/A
A5: VL115222 | B5: SP50717992 | C5: #N/A
A6: VL34C654 | B6: SP50791091 | C6: #N/A
A7: VL81253F | B7: SP50795582 | C7: #N/A
A8: VL8BEBB4 | B8: SP50886836 | C8: HCL01C30111605940604
A9: VL32549A | B9: SP50909861 | C9: HCL29C16127273559140
A10: VL2B07A0 | B10: SP79785173 | C10: AH976161200079785173
A11: VL728397 | B11: SP86078475 | C11: PE00213700086078475
A12: VL99447E | B12: SP86078627 | C12: PE00213700086078627
A13: VL006C63 | B13: SP86078694 | C13: PE00213700086078694
A14: VLEBFCE1 | B14: SP86078872 | C14: PE00213700086078872
A15: VL9E0BA1 | B15: SP86078901 | C15: PE00213700086078901
A16: VL4C0DBA | B16: SP86078931 | C16: PE00213700086078931
A17: VL26F7E5 | B17: SP86078961 | C17: PE00213700086078961
A18: VL7A98D8 | B18: SP86079018 | C18: PE00213700086079018
A19: VL4F389B | B19: SP86079091 | C19: PE00213700086079091
... A166: VL89835D | B166: SP86085429 | C166: PE00213700086085429
A167: VL8AC946 | B167: SP86085437 | C167: #N/A
A168: VL7D0F6A | B168: SP86085453 | C168: PE00213700086085453
A169: VLCF8CF2 | B169: SP86085462 | C169: PE00213700086085462
A170: VL88BAC9 | B170: SP86085490 | C170: PE00213700086085490
A171: VLC83A1D | B171: SP86085534 | C171: AF28313700086085534
A172: VL3EC6FE | B172: SP86085676 | C172: PE00213700086085676
A173: VL44ABFC | B173: SP86085707 | C173: PE00213700086085707
A174: VL6825C0 | B174: SP86085752 | C174: PE00214700086085752
A175: VL959374 | B175: SP86085765 | C175: PE00213700086085765
A176: VL7BEF39 | B176: SP86085781 | C176: PE00213700086085781
A177: VLCDCA79 | B177: SP86085835 | C177: PE00213700086085835
A178: VLFF74DF | B178: SP86085851 | C178: PE00213700086085851
A179: VL0E1A12 | B179: SP86085865 | C179: PE00213700086085865
... A1283: VL8DFE50 | B1283: SPAP35343333 | C1283: AF2831670AP35343333

Sheet Sheet2
A1: VLDC402D | B1: SP50529043 | C1: #N/A
A2: VL81253F | B2: SP50795582 | C2: #N/A
A3: VL8BEBB4 | B3: SP50886836 | C3: HCL01C30111605940604
A4: VL32549A | B4: SP50909861 | C4: HCL29C16127273559140
A5: VL006C63 | B5: SP86078694 | C5: PE00213700086078694
A6: VL9E0BA1 | B6: SP86078901 | C6: PE00213700086078901
A7: VL4C0DBA | B7: SP86078931 | C7: PE00213700086078931
A8: VL26F7E5 | B8: SP86078961 | C8: PE00213700086078961
A9: VL581C89 | B9: SP86079764 | C9: PE00213700086079764
A10: VL979246 | B10: SP86079792 | C10: PE00213700086079792
A11: VLE914E2 | B11: SP86079814 | C11: PE00213700086079814
A12: VLF7FEF8 | B12: SP86079849 | C12: PE00213700086079849
A13: VLD8ABB8 | B13: SP86080162 | C13: PE00213700086080162
A14: VL22B0BE | B14: SP86080224 | C14: PE00213700086080224
... A332: VL8DFE50 | B332: SPAP35343333 | C332: AF2831670AP35343333
A333: VLDC402D | B333: SP50529043 | C333: #N/A
A334: VL73AFE8 | B334: SP50650077 | C334: #N/A
A335: VL0291CC | B335: SP50715581 | C335: #N/A
A336: VL115222 | B336: SP50717992 | C336: #N/A
A337: VL34C654 | B337: SP50791091 | C337: #N/A
A338: VL81253F | B338: SP50795582 | C338: #N/A
A339: VL8BEBB4 | B339: SP50886836 | C339: HCL01C30111605940604
A340: VL32549A | B340: SP50909861 | C340: HCL29C16127273559140
A341: VL2B07A0 | B341: SP79785173 | C341: AH976161200079785173
A342: VL728397 | B342: SP86078475 | C342: PE00213700086078475
A343: VL99447E | B343: SP86078627 | C343: PE00213700086078627
A344: VL006C63 | B344: SP86078694 | C344: PE00213700086078694
A345: VLEBFCE1 | B345: SP86078872 | C345: PE00213700086078872
A346: VL9E0BA1 | B346: SP86078901 | C346: PE00213700086078901
A347: VL4C0DBA | B347: SP86078931 | C347: PE00213700086078931
A348: VL26F7E5 | B348: SP86078961 | C348: PE00213700086078961
A349: VL7A98D8 | B349: SP86079018 | C349: PE00213700086079018
A350: VL4F389B | B350: SP86079091 | C350: PE00213700086079091
... A497: VL89835D | B497: SP86085429 | C497: PE00213700086085429
A498: VL8AC946 | B498: SP86085437 | C498: #N/A
A499: VL7D0F6A | B499: SP86085453 | C499: PE00213700086085453
A500: VLCF8CF2 | B500: SP86085462 | C500: PE00213700086085462
A501: VL88BAC9 | B501: SP86085490 | C501: PE00213700086085490
A502: VLC83A1D | B502: SP86085534 | C502: AF28313700086085534
A503: VL3EC6FE | B503: SP86085676 | C503: PE00213700086085676
A504: VL44ABFC | B504: SP86085707 | C504: PE00213700086085707
A505: VL6825C0 | B505: SP86085752 | C505: PE00214700086085752
A506: VL959374 | B506: SP86085765 | C506: PE00213700086085765
A507: VL7BEF39 | B507: SP86085781 | C507: PE00213700086085781
A508: VLCDCA79 | B508: SP86085835 | C508: PE00213700086085835
A509: VLFF74DF | B509: SP86085851 | C509: PE00213700086085851
A510: VL0E1A12 | B510: SP86085865 | C510: PE00213700086085865
... A1614: VL8DFE50 | B1614: SPAP35343333 | C1614: AF2831670AP35343333
